{
    "best_model_name": "Extra Trees",
    "r2_score": 0.996119398283297,
    "mae": 6.842002677117161,
    "mape": 5.088236639902721
}